Handle,Title,Body (HTML),Vendor,Product Category,Type,Tags,Published,Option1 Name,Option1 Value,Option1 Linked To,Option2 Name,Option2 Value,Option2 Linked To,Option3 Name,Option3 Value,Option3 Linked To,Variant SKU,Variant Grams,Variant Inventory Tracker,Variant Inventory Policy,Variant Fulfillment Service,Variant Price,Variant Compare At Price,Variant Requires Shipping,Variant Taxable,Unit Price Total Measure,Unit Price Total Measure Unit,Unit Price Base Measure,Unit Price Base Measure Unit,Variant Barcodes,Image Src,Image Position,Image Alt Text,Gift Card,SEO Title,SEO Description,Regression test (product.metafields.custom.regression_test),testing (product.metafields.custom.testing),Accessory size (product.metafields.shopify.accessory-size),Active ingredient (product.metafields.shopify.active-ingredient),Activewear clothing features (product.metafields.shopify.activewear-clothing-features),Activity (product.metafields.shopify.activity),Age group (product.metafields.shopify.age-group),Audio connectivity (product.metafields.shopify.audio-connectivity),Audio output channel (product.metafields.shopify.audio-output-channel),Audio purpose (product.metafields.shopify.audio-purpose),Backrest type (product.metafields.shopify.backrest-type),Bag/Case closure (product.metafields.shopify.bag-case-closure),Bag/Case features (product.metafields.shopify.bag-case-features),Bag/Case material (product.metafields.shopify.bag-case-material),Bag/Case storage features (product.metafields.shopify.bag-case-storage-features),Band color (product.metafields.shopify.band-color),Battery size (product.metafields.shopify.battery-size),Bracelet design (product.metafields.shopify.bracelet-design),Bulb type (product.metafields.shopify.bulb-type),Cable shielding (product.metafields.shopify.cable-shielding),Candle container material (product.metafields.shopify.candle-container-material),Candle type (product.metafields.shopify.candle-type),Carry options (product.metafields.shopify.carry-options),Chain link type (product.metafields.shopify.chain-link-type),Chair features (product.metafields.shopify.chair-features),Closure type (product.metafields.shopify.closure-type),Color (product.metafields.shopify.color-pattern),Connection type (product.metafields.shopify.connection-type),Connectivity technology (product.metafields.shopify.connectivity-technology),Cosmetic function (product.metafields.shopify.cosmetic-function),Cover color (product.metafields.shopify.cover-color),Device interface (product.metafields.shopify.device-interface),Dial color (product.metafields.shopify.dial-color),Dispenser type (product.metafields.shopify.dispenser-type),Dress occasion (product.metafields.shopify.dress-occasion),Dress style (product.metafields.shopify.dress-style),Drinkware material (product.metafields.shopify.drinkware-material),Earphone features (product.metafields.shopify.earphone-features),Earring design (product.metafields.shopify.earring-design),Fabric (product.metafields.shopify.fabric),Fencing components (product.metafields.shopify.fencing-components),Fit (product.metafields.shopify.fit),Food bag material (product.metafields.shopify.food-bag-material),Food storage material (product.metafields.shopify.food-storage-material),Footwear material (product.metafields.shopify.footwear-material),Fragrance (product.metafields.shopify.fragrance),Fragrance level (product.metafields.shopify.fragrance-level),Frame color (product.metafields.shopify.frame-color),Furniture/Fixture features (product.metafields.shopify.furniture-fixture-features),Furniture/Fixture material (product.metafields.shopify.furniture-fixture-material),Headphone style (product.metafields.shopify.headphone-style),Headwear features (product.metafields.shopify.headwear-features),Heel height type (product.metafields.shopify.heel-height-type),Insulation material (product.metafields.shopify.insulation-material),Jewelry material (product.metafields.shopify.jewelry-material),Jewelry type (product.metafields.shopify.jewelry-type),Light color (product.metafields.shopify.light-color),Light temperature (product.metafields.shopify.light-temperature),Lumber/Wood type (product.metafields.shopify.lumber-wood-type),Material (product.metafields.shopify.material),Microphone type (product.metafields.shopify.microphone-type),Moisturizer type (product.metafields.shopify.moisturizer-type),Mounting type (product.metafields.shopify.mounting-type),Necklace design (product.metafields.shopify.necklace-design),Neckline (product.metafields.shopify.neckline),Outerwear clothing features (product.metafields.shopify.outerwear-clothing-features),Package type (product.metafields.shopify.package-type),Pants length type (product.metafields.shopify.pants-length-type),Paper type (product.metafields.shopify.paper-type),Plant support material (product.metafields.shopify.plant-support-material),Power source (product.metafields.shopify.power-source),Product form (product.metafields.shopify.product-form),Recommended age group (product.metafields.shopify.recommended-age-group),Ring size (product.metafields.shopify.ring-size),Shape (product.metafields.shopify.shape),Shoe features (product.metafields.shopify.shoe-features),Shoe size (product.metafields.shopify.shoe-size),Size (product.metafields.shopify.size),Skin care effect (product.metafields.shopify.skin-care-effect),Skirt/Dress length type (product.metafields.shopify.skirt-dress-length-type),Sleeve length type (product.metafields.shopify.sleeve-length-type),Smart watch features (product.metafields.shopify.smart-watch-features),Speaker design (product.metafields.shopify.speaker-design),Speaker features (product.metafields.shopify.speaker-features),Speaker technology (product.metafields.shopify.speaker-technology),Suitable for skin type (product.metafields.shopify.suitable-for-skin-type),Tabletop shape (product.metafields.shopify.tabletop-shape),Target gender (product.metafields.shopify.target-gender),Toe style (product.metafields.shopify.toe-style),Tool/Utensil material (product.metafields.shopify.tool-utensil-material),Top length type (product.metafields.shopify.top-length-type),Tote handle type (product.metafields.shopify.tote-handle-type),Toy/Game material (product.metafields.shopify.toy-game-material),Upholstery material (product.metafields.shopify.upholstery-material),Waist rise (product.metafields.shopify.waist-rise),Watch display (product.metafields.shopify.watch-display),Variant Image,Variant Weight Unit,Variant Tax Code,Cost per item,Included / pakistani currency,Price / pakistani currency,Compare At Price / pakistani currency,Status
barbie-crayola-rainbow-design-fashion-set,Barbie Crayola Rainbow Design Fashion Set,<p>Barbie and CRAYOLA help young designers uncover their creativity with fashion design sets that will brighten their day!</p>,BARBIE,"Toys & Games > Toys > Dolls, Playsets & Toy Figures > Doll & Action Figure Accessories",TOYS,"barbie, doll-accessories, dolls, egnition-sample-data, toys",true,Toy/Game material,plush,product.metafields.shopify.toy-game-material,,,,,,,TOY190,0.0,shopify,deny,manual,9.99,,true,true,,,,,"",https://cdn.shopify.com/s/files/1/0719/7163/5293/files/product_238_image1.jpg?v=1780903552,1,Barbie Crayola Rainbow Design Fashion Set,false,,,,,,,,,,,,,,,,,,,,,,,,,,,,,,,,,,,,,,,,,,,,,,,,,,,,,,,,,,,,,,,,,,,,,,,,,,,,,,,,,,,,,,,,,,,,,,,plush; plastic,,,,,kg,,,true,,,active
barbie-crayola-rainbow-design-fashion-set,,,,,,,,,plastic,,,,,,,,TOY191,0.0,shopify,deny,manual,8.99,,true,true,,,,,"",,,,,,,,,,,,,,,,,,,,,,,,,,,,,,,,,,,,,,,,,,,,,,,,,,,,,,,,,,,,,,,,,,,,,,,,,,,,,,,,,,,,,,,,,,,,,,,,,,,,,,,,kg,,,,,,
barbie-color-surprise-doll,Barbie Color Surprise Doll new,<p>Barbie Color Surprise doll is ready to make a bold statement with hair that transforms in an instant!</p>,BARBIE,Uncategorized,TOYS,"barbie, dolls, egnition-sample-data, toys",true,Title,Default Title,,,,,,,,TOY189,0.0,shopify,deny,manual,20.99,,true,true,,,,,"",https://cdn.shopify.com/s/files/1/0719/7163/5293/files/product_237_image1.jpg?v=1780903553,1,Barbie Color Surprise Doll,false,,,,,,,,,,,,,,,,,,,,,,,,,,,,,,,,,,,,,,,,,,,,,,,,,,,,,,,,,,,,,,,,,,,,,,,,,,,,,,,,,,,,,,,,,,,,,,,,,,,,kg,,,true,,,active
barbie-pizza-chef-doll-and-playset,Barbie Pizza Chef Doll and Playset,"<p>Barbie pizza chef doll is ready to cook up fun with a pizza shop play set, three colors of dough and accessories that let kids make their own doll-sized pizzas!</p>",BARBIE,Uncategorized,TOYS,"barbie, dolls, egnition-sample-data, toys",true,Title,Default Title,,,,,,,,TOYY188,0.0,shopify,continue,manual,29.99,12.70,true,false,,,,,TOY1881,https://cdn.shopify.com/s/files/1/0719/7163/5293/files/product_236_image1.jpg?v=1780903555,1,Barbie Pizza Chef Doll and Playset,false,,,,,,,,,,,,,,,,,,,,,,,,,,,,,,,,,,,,,,,,,,,,,,,,,,,,,,,,,,,,,,,,,,,,,,,,,,,,,,,,,,,,,,,,,,,,,,,,,,,,kg,,10.00,true,,,active
barbie-2-story-house,Barbie 2-Story House,"<p>The Barbie 2-Story House is cute, modern and holds fun surprises! Designed with portability in mind, it unfolds to reveal a two-story home with multiple play spaces.</p>",BARBIE,Uncategorized,TOYS,"barbie, doll-accessories, dolls, egnition-sample-data, toys",true,Title,Default Title,,,,,,,,TOY187,0.0,shopify,deny,manual,39.99,,true,true,,,,,"",https://cdn.shopify.com/s/files/1/0719/7163/5293/files/product_235_image1.jpg?v=1780903556,1,Barbie 2-Story House,false,,,,,,,,,,,,,,,,,,,,,,,,,,,,,,,,,,,,,,,,,,,,,,,,,,,,,,,,,,,,,,,,,,,,,,,,,,,,,,,,,,,,,,,,,,,,,,,,,,,,kg,,,true,,,active
barbie-sweetville-royal-gift-set,Barbie Sweetville Royal Gift Set,"<p>The magical, make-believe world imagined by Chelsea comes to regal life in this set! You'll arrive at Sweetville Castle in a colorful carriage and discover that princesses, fairies, and mermaids all exist in one enchanted realm.</p>",BARBIE,Uncategorized,TOYS,"barbie, dolls, egnition-sample-data, on-sale, toys",true,Title,Default Title,,,,,,,,TOY186,0.0,shopify,deny,manual,111.99,,true,true,,,,,"",https://cdn.shopify.com/s/files/1/0719/7163/5293/files/product_234_image1.jpg?v=1780903557,1,Barbie Sweetville Royal Gift Set,false,,,,,,,,,,,,,,,,,,,,,,,,,,,,,,,,,,,,,,,,,,,,,,,,,,,,,,,,,,,,,,,,,,,,,,,,,,,,,,,,,,,,,,,,,,,,,,,,,,,,kg,,,true,,,active
barbie-pet-groomer-doll,Barbie Pet Groomer Doll,"<p>Barbie career dolls and playsets inspire kids to dream big and aim high! This Barbie playset turns work-time into playtime with Barbie doll, a piece of pet grooming-related furniture and accessories that let young professionals explore their dream careers.</p>",BARBIE,Uncategorized,TOYS,"barbie, dolls, egnition-sample-data, toys",true,Title,Default Title,,,,,,,,TOY185,0.0,shopify,deny,manual,19.99,,true,true,,,,,"",https://cdn.shopify.com/s/files/1/0719/7163/5293/files/product_233_image1.jpg?v=1780903558,1,Barbie Pet Groomer Doll,false,,,,,,,,,,,,,,,,,,,,,,,,,,,,,,,,,,,,,,,,,,,,,,,,,,,,,,,,,,,,,,,,,,,,,,,,,,,,,,,,,,,,,,,,,,,,,,,,,,,,kg,,,true,,,active
barbie-art-studio-playset,Barbie Art Studio Playset,<p>Barbie career dolls and playsets inspire kids to dream big and aim high! Barbie playsets turn the workspace into a play space with job-related furniture and accessories that let young professionals explore their dream aspirations.</p>,BARBIE,Uncategorized,TOYS,"barbie, dolls, egnition-sample-data, toys",true,Title,Default Title,,,,,,,,TOY184,0.0,shopify,deny,manual,9.99,,true,true,,,,,"",https://cdn.shopify.com/s/files/1/0719/7163/5293/files/product_232_image1.jpg?v=1780903559,1,Barbie Art Studio Playset,false,,,,,,,,,,,,,,,,,,,,,,,,,,,,,,,,,,,,,,,,,,,,,,,,,,,,,,,,,,,,,,,,,,,,,,,,,,,,,,,,,,,,,,,,,,,,,,,,,,,,kg,,,true,,,active
skipper-doll-with-ice-cream-and-puppy,Skipper Doll with Ice Cream and Puppy,"<p>Launch play and career exploration with Barbie play sets that let her younger sisters explore their dreams, too -- and bring their pets along for the company! Skipper</p>",BARBIE,Uncategorized,TOYS,"barbie, dolls, egnition-sample-data, toys",true,Title,Default Title,,,,,,,,TOY183,0.0,shopify,deny,manual,9.99,,true,true,,,,,"",https://cdn.shopify.com/s/files/1/0719/7163/5293/files/product_231_image1.jpg?v=1780903560,1,Skipper Doll with Ice Cream and Puppy,false,,,,,,,,,,,,,,,,,,,,,,,,,,,,,,,,,,,,,,,,,,,,,,,,,,,,,,,,,,,,,,,,,,,,,,,,,,,,,,,,,,,,,,,,,,,,,,,,,,,,kg,,,true,,,active
barbie-skipper-babysitters-inc-doll,Barbie Skipper Babysitters Inc. Doll,<p>Young kids can be the babysitter with Barbie Skipper Babysitters Inc. doll and accessory sets that include a doll and accessories to play out classic moments.</p>,BARBIE,Uncategorized,TOYS,"barbie, dolls, egnition-sample-data, toys",true,Title,Default Title,,,,,,,,TOY182,0.0,shopify,deny,manual,9.99,,true,true,,,,,"",https://cdn.shopify.com/s/files/1/0719/7163/5293/files/product_230_image1.jpg?v=1780903562,1,Barbie Skipper Babysitters Inc. Doll,false,,,,,,,,,,,,,,,,,,,,,,,,,,,,,,,,,,,,,,,,,,,,,,,,,,,,,,,,,,,,,,,,,,,,,,,,,,,,,,,,,,,,,,,,,,,,,,,,,,,,kg,,,true,,,active
stacie-doll-with-juice-and-puppy,Stacie Doll with Juice and Puppy,"<p>Launch play and career exploration with Barbie play sets that let her younger sisters explore their dreams, too -- and bring their pets along for the company! Stacie</p>",BARBIE,Uncategorized,TOYS,"barbie, dolls, egnition-sample-data, toys",true,Title,Default Title,,,,,,,,TOY181,0.0,shopify,deny,manual,9.99,,true,true,,,,,"",https://cdn.shopify.com/s/files/1/0719/7163/5293/files/product_229_image1.jpg?v=1780903563,1,Stacie Doll with Juice and Puppy,false,,,,,,,,,,,,,,,,,,,,,,,,,,,,,,,,,,,,,,,,,,,,,,,,,,,,,,,,,,,,,,,,,,,,,,,,,,,,,,,,,,,,,,,,,,,,,,,,,,,,kg,,,true,,,active
barbie-skipper-babysitters-inc-doll-and-accessory,Barbie Skipper Babysitters Inc. Doll and Accessory,<p>Young kids can be the babysitter with Barbie Skipper Babysitters Inc. doll and accessory sets that include a doll and accessories to play out classic moments.</p>,BARBIE,Uncategorized,TOYS,"barbie, dolls, egnition-sample-data, toys",true,Title,Default Title,,,,,,,,TOY180,0.0,shopify,deny,manual,9.99,,true,true,,,,,"",https://cdn.shopify.com/s/files/1/0719/7163/5293/files/product_228_image1.jpg?v=1780903564,1,Barbie Skipper Babysitters Inc. Doll and Accessory,false,,,,,,,,,,,,,,,,,,,,,,,,,,,,,,,,,,,,,,,,,,,,,,,,,,,,,,,,,,,,,,,,,,,,,,,,,,,,,,,,,,,,,,,,,,,,,,,,,,,,kg,,,true,,,active
barbie-skipper-babysitters-inc-doll-and-playset,Barbie Skipper Babysitters Inc. Doll and Playset,"<p>Barbie Skipper Babysitters Inc. dolls and playsets let kids be the babysitter with a Skipper or friend doll, a baby or toddler doll, furniture and accessories matched to classic childhood moments.</p>",BARBIE,Uncategorized,TOYS,"barbie, dolls, egnition-sample-data, toys",true,Title,Default Title,,,,,,,,TOY179,0.0,shopify,deny,manual,20.99,,true,true,,,,,"",https://cdn.shopify.com/s/files/1/0719/7163/5293/files/product_227_image1.jpg?v=1780903565,1,Barbie Skipper Babysitters Inc. Doll and Playset,false,,,,,,,,,,,,,,,,,,,,,,,,,,,,,,,,,,,,,,,,,,,,,,,,,,,,,,,,,,,,,,,,,,,,,,,,,,,,,,,,,,,,,,,,,,,,,,,,,,,,kg,,,true,,,active
barbie-crayola-tie-dye-fashions,Barbie Crayola Tie-Dye Fashions,<p>Barbie and CRAYOLA inspire young designers with fashion design sets that will tie their imaginations up with tie dye! The Barbie CRAYOLA</p>,BARBIE,Uncategorized,TOYS,"barbie, dolls, egnition-sample-data, toys",true,Title,Default Title,,,,,,,,TOY178,0.0,shopify,deny,manual,9.99,,true,true,,,,,"",https://cdn.shopify.com/s/files/1/0719/7163/5293/files/product_226_image1.jpg?v=1780903566,1,Barbie Crayola Tie-Dye Fashions,false,,,,,,,,,,,,,,,,,,,,,,,,,,,,,,,,,,,,,,,,,,,,,,,,,,,,,,,,,,,,,,,,,,,,,,,,,,,,,,,,,,,,,,,,,,,,,,,,,,,,kg,,,true,,,active
barbie-bistro-cart,Barbie Bistro Cart,<p>Roll into career adventure with the Barbie bistro cart -- it has all the ingredients to let young foodies explore their dreams! Bright colors and a unique design on this doll vehicle</p>,BARBIE,Uncategorized,TOYS,"barbie, dolls, egnition-sample-data, toys",true,Title,Default Title,,,,,,,,TOY177,0.0,shopify,deny,manual,19.99,,true,true,,,,,"",https://cdn.shopify.com/s/files/1/0719/7163/5293/files/product_225_image1.jpg?v=1780903568,1,Barbie Bistro Cart,false,,,,,,,,,,,,,,,,,,,,,,,,,,,,,,,,,,,,,,,,,,,,,,,,,,,,,,,,,,,,,,,,,,,,,,,,,,,,,,,,,,,,,,,,,,,,,,,,,,,,kg,,,true,,,active
barbie-crayola-color-in-fashion-doll-and-fashions,Barbie Crayola Color-In Fashion Doll and Fashions,<p>Color in fun and draw out your creativity with Barbie CRAYOLA Color-In Fashion dolls.</p>,BARBIE,Uncategorized,TOYS,"barbie, dolls, egnition-sample-data, toys",true,Title,Default Title,,,,,,,,TOY176,0.0,shopify,deny,manual,19.99,,true,true,,,,,"",https://cdn.shopify.com/s/files/1/0719/7163/5293/files/product_224_image1.jpg?v=1780903569,1,Barbie Crayola Color-In Fashion Doll and Fashions,false,,,,,,,,,,,,,,,,,,,,,,,,,,,,,,,,,,,,,,,,,,,,,,,,,,,,,,,,,,,,,,,,,,,,,,,,,,,,,,,,,,,,,,,,,,,,,,,,,,,,kg,,,true,,,active
barbie-and-ken-dolls,Barbie and Ken Dolls,"<p>Barbie doll and Ken doll have teamed up to open their own cafe, and they have all the ingredients for fun!</p>",BARBIE,Uncategorized,TOYS,"barbie, dolls, egnition-sample-data, toys",true,Title,Default Title,,,,,,,,TOY175,0.0,shopify,deny,manual,19.99,,true,true,,,,,"",https://cdn.shopify.com/s/files/1/0719/7163/5293/files/product_223_image1.jpg?v=1780903570,1,Barbie and Ken Dolls,false,,,,,,,,,,,,,,,,,,,,,,,,,,,,,,,,,,,,,,,,,,,,,,,,,,,,,,,,,,,,,,,,,,,,,,,,,,,,,,,,,,,,,,,,,,,,,,,,,,,,kg,,,true,,,active
barbie-bakery-chef-doll-and-playset,Barbie Bakery Chef Doll and Playset,"<p>Barbie bakery chef doll is ready to bake with an oven play set and food accessories that really rise! An oven sound, rising action and color-change ""icing"" provide the ingredients for fun with easy-to-use mechanisms.</p>",BARBIE,Uncategorized,TOYS,"barbie, doll-accessories, dolls, egnition-sample-data, toys",true,Title,Default Title,,,,,,,,TOY174,0.0,shopify,deny,manual,20.99,,true,true,,,,,"",https://cdn.shopify.com/s/files/1/0719/7163/5293/files/product_222_image1.jpg?v=1780903572,1,Barbie Bakery Chef Doll and Playset,false,,,,,,,,,,,,,,,,,,,,,,,,,,,,,,,,,,,,,,,,,,,,,,,,,,,,,,,,,,,,,,,,,,,,,,,,,,,,,,,,,,,,,,,,,,,,,,,,,,,,kg,,,true,,,active
barbie-pet-pals-gift-set,Barbie Pet Pals Gift Set,"<p>Barbie is a true friend to animals everywhere, whether it's an adorable dog about to welcome three new puppies into the world, or a horse that's ready to take Barbie on a ride into imagination!</p>",BARBIE,Uncategorized,TOYS,"barbie, doll-accessories, dolls, egnition-sample-data, on-sale, toys",true,Title,Default Title,,,,,,,,TOY173,0.0,shopify,deny,manual,101.99,,true,true,,,,,"",https://cdn.shopify.com/s/files/1/0719/7163/5293/files/product_221_image1.jpg?v=1780903573,1,Barbie Pet Pals Gift Set,false,,,,,,,,,,,,,,,,,,,,,,,,,,,,,,,,,,,,,,,,,,,,,,,,,,,,,,,,,,,,,,,,,,,,,,,,,,,,,,,,,,,,,,,,,,,,,,,,,,,,kg,,,true,,,active
barbie-dreamcamper,Barbie DreamCamper,<p>This amazing Barbie DreamCamper transforms from a camping RV into a campsite play set with room for Barbie doll and all of her sisters to sleep (dolls sold separately).</p>,BARBIE,Uncategorized,TOYS,"barbie, doll-accessories, dolls, egnition-sample-data, toys",true,Title,Default Title,,,,,,,,TOY172,0.0,shopify,deny,manual,109.99,100.00,true,false,,,,,"",https://cdn.shopify.com/s/files/1/0719/7163/5293/files/product_220_image1.jpg?v=1780903574,1,Barbie DreamCamper,false,,,,,,,,,,,,,,,,,,,,,,,,,,,,,,,,,,,,,,,,,,,,,,,,,,,,,,,,,,,,,,,,,,,,,,,,,,,,,,,,,,,,,,,,,,,,,,,,,,,,kg,,80.00,true,,,active
barbie-dreamhouse,Barbie Dreamhouse,"<p>Move right into the Barbie Dreamhouse and discover a world of possibilities because with Barbie, anything is possible! Three floors, seven rooms and a working elevator let kids dream up all kinds of stories, from a fun night in to getting ready for girls' night out.</p>",BARBIE,Uncategorized,TOYS,"barbie, doll-accessories, dolls, egnition-sample-data, toys",true,Title,Default Title,,,,,,,,,0.0,shopify,deny,manual,199.99,,true,true,,,,,"",https://cdn.shopify.com/s/files/1/0719/7163/5293/files/product_219_image1.jpg?v=1780903575,1,Barbie Dreamhouse,false,,,,,,,,,,,,,,,,,,,,,,,,,,,,,,,,,,,,,,,,,,,,,,,,,,,,,,,,,,,,,,,,,,,,,,,,,,,,,,,,,,,,,,,,,,,,,,,,,,,,kg,,,true,,,active
